,DRAIN_SQKM,PPTAVG_BASIN,T_AVG_BASIN,T_MAX_BASIN,T_MAXSTD_BASIN,T_MIN_BASIN,T_MINSTD_BASIN,RH_BASIN,STREAMS_KM_SQ_KM,PERDUN,HIRES_LENTIC_PCT,NDAMS_2009,STOR_NID_2009,FORESTNLCD06,PLANTNLCD06,ELEV_MEAN_M_BASIN,SLOPE_PCT,RAW_DIS_NEAREST_DAM,RAW_AVG_DIS_ALLDAMS,RAW_DIS_NEAREST_MAJ_DAM,RAW_AVG_DIS_ALL_MAJ_DAMS,site_no,MAJ_NDAMS_2009,POWER_NUM_PTS,POWER_SUM_MW,lat,lon,HYDRO_DISTURB_INDX,BFI_AVE,FRAGUN_BASIN,DEVNLCD06,AWCAVE,PERMAVE,RFACT,BARRENNLCD06,DECIDNLCD06,EVERGRNLCD06,MIXEDFORNLCD06,SHRUBNLCD06,GRASSNLCD06,WOODYWETNLCD06,EMERGWETNLCD06,GEOL_REEDBUSH_DOM_PCT,GEOL_REEDBUSH_SITE,STRAHLER_MAX,MAINSTEM_SINUOUSITY,REACHCODE,ARTIFPATH_PCT,ARTIFPATH_MAINSTEM_PCT,PERHOR,TOPWET,CONTACT,CANALS_PCT,RAW_AVG_DIS_ALLCANALS,NPDES_MAJ_DENS,RAW_AVG_DIS_ALL_MAJ_NPDES,FRESHW_WITHDRAWAL,PCT_IRRIG_AG,ROADS_KM_SQ_KM,PADCAT1_PCT_BASIN,PADCAT2_PCT_BASIN
0,78.68936,127.5406,8.06356,13.88701,0.5222478,2.277803,0.2496045,66.30219,1.018439977145576,3.0,1.697533,7,27.64048405019434,71.97125799999999,7.8345015,234.9528,6.461167,6.079409,8.547568,0.0,-999.0,01095220,0,1,0.3,42.410925,-71.791183,12,51.8792,33.98523,7.58970909,gneiss,3.770082,133.5574,0.6268517,51.22453,15.86003,4.886698,0.8407591,0.1750152,9.395912,0.4198076,64.42706,sedimentary,3,1.1985192557180686,1070004000476,6.415974516719972,10.346396502464135,1.329101,11.27248,57.28217,0.0,-999.0,0.0,-999.0,121.12032,0.0,1.6757427881560556,0.2939797,0.1727274
1,57.1176,119.5265,9.303685,15.14444,0.08419681,3.726328,0.1484651,69.82677,0.6752941300054623,3.56558,6.606895392999999,4,394.1793772847599,40.923988,4.1109916,60.78394,3.778285,3.3175850000000002,4.8159600000000005,3.3175850000000002,3.3175850000000002,01104460,1,0,0.0,42.368985,-71.270612,26,57.64656,69.12952,36.389129,granitic,4.041078,132.0956,0.0,28.74228,11.08975,1.091958,0.3340476,0.1213286,11.79094,0.6034917,79.50649,granitic,3,1.3421749144788444,1090001000118,21.22165565066975,7.967131679815862,1.771527,12.30027,185.9964,3.0688119990106606,3.711502,0.0,-999.0,54.125643000000004,0.0,3.821899509803922,1.301525,2.492752
2,2.0808,119.5615,9.4,15.117,0.05609753,4.004286,0.0475226,70.0,1.0441229334871203,4.0,1.34083,0,0.0,38.754324999999994,4.368512,59.38149,4.029126,-999.0,0.0,0.0,-999.0,01104475,0,0,0.0,42.354541,-71.268112,15,57.64014,90.49684500000001,53.4602033,granitic,3.481051,133.3654,0.0,29.67128,8.866782,0.216263,0.0,0.0,2.854671,0.0,100.0,granitic,1,1.2925791601074226,1090001000762,0.0,0.0,1.996616,9.987448,90.0,0.0,-999.0,0.0,-999.0,54.125643000000004,0.0,4.254696153846154,0.3027682,0.0
3,493.1622,137.2501,5.894132,11.93295,1.371181,0.9324402,0.9991256,68.68895,0.31681199410660427,2.109421,0.1877881,6,0.7250555699524417,95.357671,0.50441827,600.5049,27.71744,9.028938,13.03948,0.0,-999.0,01362500,0,0,0.0,42.01425877,-74.27070269,13,46.33033,7.2612199999999945,2.032454886,sedimentary,1.593848,132.329,0.01423467,80.362,4.891251,10.10442,0.1803058,0.1304844,1.578588,0.02518441,100.0,sedimentary,3,3.2957771575541015,2020006000327,0.6515629510297319,0.0,3.59955,10.24272,32.74243,6.214681671815806,18.08768,0.0,-999.0,152.7624486,0.02724424,0.9961377818494604,42.00066,14.35201
4,1183.973,114.7634,6.354364,11.96748,0.9495766,0.2155937,0.5673813,67.10426,0.3809211020859428,2.231763,2.187794,12,636.4497492763771,85.42963700000001,8.0304,617.9087,20.64586,11.19204,33.352,14.08234,14.08234,01417500,1,1,0.0,42.02480929,-75.11988987,22,43.69957,22.080929999999995,2.450426419,sedimentary,1.289144,104.018,0.3223805,73.98927,4.888007,6.55236,0.2576156,0.803785,0.8998682,0.1064973,100.0,sedimentary,4,1.4195504748710048,2040102000060,9.297561442863785,29.612582591556613,3.115517,10.64192,42.80731,2.8498650666086034,11.5389,0.0,-999.0,161.21072,0.0,1.3532411634386934,1.845117,9.432349
5,4724.998,116.8761,6.78768,12.38432,0.901202,0.6801579,0.8076687,67.08886,0.5449009713866546,2.192983,1.6509527145,103,281.700302095366,80.06692199999999,12.341188,555.7792,16.58453,4.179333,37.405120000000004,36.83046,45.334480000000006,01427510,3,2,0.0,41.75675495,-75.05738968,23,43.35385,27.704480000000004,3.1933728400000003,sedimentary,1.366158,107.9047,0.3012763,66.91528,4.345163,8.806479,0.4390478,0.7192193,1.454096,0.1554858,100.0,sedimentary,6,2.0834931424557768,2040101000033,11.506849847125208,57.0545687425319,2.967482,10.9638,64.15576,3.242200899848368,32.8543,0.06349209036702239,42.45029,131.84676570000002,0.0,1.4090643001330372,1.52181,6.404745
6,5242.786,116.285,6.84024,12.51872,0.9554859,0.7597961,0.8131782,66.9118,0.5631193033627541,2.199867,1.7237511545,124,255.84042224878146,79.78053600000001,12.466115,536.0481,15.82033,4.355764,53.141589999999994,63.79007,72.27032000000001,01428500,3,2,0.0,41.5089782,-74.98572346,22,43.13041,28.334959999999995,3.3333113200000004,sedimentary,1.344918,108.6551,0.2751781,65.42762,4.724669,9.628247,0.4256077,0.6633114,1.43551,0.1610384,100.0,sedimentary,6,1.9816128786835832,2040101000023,12.519955533185156,64.59934868308291,2.980789,11.0647,80.01984,2.8274607646747603,56.45413,0.057221484912792546,67.98425,122.10092060000001,0.0,1.4433854443038492,1.371668,6.001509
7,748.6569,113.9592,7.199449,13.04139,0.5949752,1.166617,0.3596991,66.27517,0.7425095527737741,2.59163,2.5494057700000003,48,248.16726994702117,62.215852,22.768176,439.6871,8.190544,4.939712999999999,19.71639,17.059009999999997,20.17047,01431500,3,0,0.0,41.47620023,-75.17211857,21,41.47672,48.23546,6.06894883,sedimentary,1.609115,114.5567,0.07032594,52.06271,2.625141,7.528001,0.6519275,0.8812982,4.430775,0.6706811,100.0,sedimentary,5,1.3441270845626552,2040103000015,10.034339842654477,15.098667594598538,2.787835,11.57862,155.9763,0.0,-999.0,0.13357253502906338,10.70216,4.75495924,0.038233609999999994,1.7222642307844889,0.0,4.787213
8,443.0349,136.8694,6.603002,12.04621,1.432128,1.018179,1.1359,68.59622,0.4822486896630491,2.607308,3.304750597,14,431.03174941748387,86.81899,2.8757105000000003,577.5313,12.47059,2.668325,13.87804,3.694098,12.40269,01436690,2,2,25.0,41.638064,-74.616883,30,48.90142,20.701570000000004,5.5078499,sedimentary,1.297534,149.7075,0.4030382,59.23321,11.51991,16.06587,0.0954778,0.1919713,1.527442,0.2173644,100.0,sedimentary,4,1.4584636933713881,2040104000130,14.351102020566058,14.645329044331316,4.093444,11.19455,149.2801,8.411424131652726,26.68297,0.6771550459336839,5.990436,121.1738400414,0.0,1.575893731801458,19.08195,4.037695
9,119.376,119.8625,10.51534,16.23948,0.2561897,5.273581,0.186925,66.18768,0.6405622570700978,2.621555,0.587304,2,46.99562726176116,33.35343409,42.398979999999995,201.2528,4.809815,3.061264,4.104678,5.148091,5.148091,01480500,1,0,0.0,39.98566144,-75.82744675,25,52.86398,79.44230999999999,14.6433952,gneiss,1.387669,154.4217,0.2668878,33.10841,0.05880579,0.1862183,6.584741,0.5217129,1.793577,0.01357057,95.24276,gneiss,3,2.1237352229967152,2040205000083,3.5182578906456783,7.515810562302834,4.615749,11.82083,623.9835,0.0,-999.0,0.0,-999.0,185.74543065,0.2094241,2.7127194746012595,0.0,0.0
10,3784.08,100.3297,10.01779,16.39697,1.73096,3.378235,1.09845,72.47392,0.8115016067313587,2.24018,0.062481014999999994,32,14.021494260163635,80.539603,14.8724349,655.8094,20.92465,45.13997,90.98002000000001,58.243809999999996,93.84384,01608500,30,0,0.0,39.44703879,-78.65418167,21,39.88737,29.636920000000003,3.91373283,sedimentary,4.807812,103.0777,0.1584977,72.20287,5.540166,2.796567,0.0028541,0.03022968,0.003995741,0.001498403,100.0,sedimentary,7,1.4291846905847367,2070001000107,3.3138443011514642,44.95087525583458,2.173225,10.81553,16.8353,0.0,-999.0,0.07927950783281537,55.815,190.78875390000002,0.0,1.261531468679309,0.3318368,0.7746029
11,407.7162,108.3976,9.679201,15.86122,1.148902,2.977465,0.7191235,71.09356,0.30467148472393296,2.229629,0.0320075571,1,0.18749806850941908,80.894136,14.3422524,814.513,18.93645,3.3358939999999997,3.3358939999999997,0.0,-999.0,02011400,0,0,0.0,38.04234707,-79.88144394,7,40.38374,29.52982,4.62807226,sedimentary,5.531756,121.5437,0.02516456,75.73518,4.452803,0.706153,0.01589341,0.04878393,0.01633489,0.001545192,100.0,sedimentary,3,1.2928507690230027,2080201000203,0.0,0.0,0.8863224,11.48827,16.74402,0.0,-999.0,0.0,-999.0,3.152674115,0.0,1.2096804100499317,0.0,1.230635
12,2908.315,133.2955,16.59521,23.4762,0.1304165,10.38404,0.3512996,68.41487,0.7245573467798364,4.186378,1.5531363184,3,0.1284589186522093,28.54148648,20.55766591,18.89102,0.1706682,30.5766,49.27265,0.0,-999.0,02110500,0,0,0.0,33.9126719,-78.71501746,16,48.12994,40.22546,4.83153009,quarternary,3.704658,298.6532,0.1374301,0.08472948,26.99717,1.459587,10.7102,4.943956,27.64718,0.9719443,100.0,quarternary,6,1.688937140761032,3040206001473,6.6269686286476,12.552385289498421,6.524998,14.18014,1821.8,16.021076848827448,41.00635,0.10315251270924916,40.82408,27.206651915,0.8490424,1.5368833843651737,2.142437,1.506656
13,7201.157,132.9025,15.0212,21.79526,0.9907132,8.217523,0.8175254,68.16751,0.6319951085638044,4.484289,0.709910994,301,44.61099126154311,59.559567,20.048212699999997,299.9389,7.40142,3.51231,81.57917,37.70625,89.08198,02156500,30,22,2749.7,34.5962504,-81.4220423,28,54.24423,49.54594,10.133109499999998,sedimentary,1.797867,245.906,0.4551019,44.31499,13.65482,1.589757,1.389114,6.400759,1.217442,0.005599101,88.87118,sedimentary,6,1.5364685324120568,3050106000120,5.51477490257292,51.57446545925766,6.460136,11.98136,185.0807,0.0,-999.0,0.3471664345048997,71.35560000000001,72.28695195,0.03259646,2.255783341482487,0.6106894,1.802298
14,1146.949,128.3286,15.57959,22.39808,0.5102856,9.123892,0.2471316,67.33633,0.7035967597513054,5.436188,0.43746488,67,22.13371039165647,47.3577137,19.206081610000002,224.7218,4.046281,18.143259999999998,58.57313,37.318169999999995,51.921589999999995,02160700,4,2,4.4,34.50930392,-81.59815943,21,57.92385,58.37615,20.776872,sedimentary,1.72466,251.2035,0.6253982,32.33144,14.4642,0.5620737,1.329815,7.484141,2.671557,0.002589478,89.68313,sedimentary,5,1.4777595383972104,3050108000006,3.2504185927550986,0.44576257212348314,5.974102,12.14338,205.4298,0.0,-999.0,0.3487513394231129,58.01654,24.827991374999996,0.0706589,2.8136569280761394,0.07791975,0.02134358
15,1087.174,154.632,15.05452,21.40583,1.018718,8.767786,0.9173028,70.02047,0.8884619205389386,4.906599,1.12279146,82,165.48249222295604,66.432884,10.18600357,391.0815,11.21441,0.4083309,40.89188,26.83682,47.83565,02163001,5,3,6.3,34.614837,-82.444015,27,64.16968,41.24105,12.992944099999999,granitic,2.001572,290.7872,0.4587859,56.45276,7.249843,2.730281,0.6184751,7.178483,1.042078,0.002317936,57.03812,sedimentary,5,1.9026707665419893,3050109000245,4.883337800610759,9.75044964845666,4.971081,11.51604,86.35791,1.8913862505379626,49.33655,0.36792773899206194,25.89089,43.392982194300004,0.0,2.481174977234471,7.176414,5.584074
16,418.3704,136.255,15.26679,21.95069,0.2373459,9.303828,0.2931548,67.83464,0.6661142853318495,4.773035,1.050648,31,20.792137780301857,21.8218077,1.547361,295.4758,4.003537,7.417099,19.71061,20.08493,20.08493,02207120,1,1,0.0,33.772885,-84.058248,27,50.30169,89.55696,72.69390899999999,sedimentary,1.946321,285.7389,0.4362641,10.60027,10.97544,0.2460977,0.1396131,0.9086685,1.666322,0.001290722,88.22345,granitic,4,1.7691125190724124,3070103000310,4.096166784781966,1.9650873503228343,6.054251,12.46236,134.1188,0.0,-999.0,0.9560914979563543,12.77531,116.0315633055,0.0,5.671938714534981,0.03205294,0.06453612
17,4.3182,136.4936,15.44041,21.98471,0.09787745,9.307226,0.06088,68.28783,0.40207146496225277,6.0,0.2084202,0,0.0,30.220924,14.79783,300.7136,3.730859,-999.0,0.0,0.0,-999.0,02217274,0,0,0.0,34.08233,-83.85462,14,56.99312,69.6702,46.977902,sedimentary,1.661671,282.63800000000003,2.146728,25.63568,4.585244,0.0,0.6044185,3.980825,1.125469,0.0,100.0,sedimentary,1,1.2981907689362868,3070101002612,0.0,0.0,5.988328,11.63169,125.5094,0.0,-999.0,0.0,-999.0,114.2313,0.0,2.7410495113704783,0.0,0.0
18,116.6112,190.0762,13.13204,19.66068,0.8997719,5.910011,0.8826914,67.77577,1.0091440616338738,5.379052,0.1721104,1,24.594189923437888,94.728634,0.5209619,757.0715,24.82428,2.667156,2.667156,2.667156,2.667156,02330450,1,0,0.0,34.70083333,-83.72888889,15,63.76669,13.323849999999993,4.1098114400000005,sedimentary,3.386308,357.7959,0.004630773,80.59783,9.476877,4.653927,0.283249,0.1898617,0.03318721,0.0,100.0,sedimentary,3,1.3012504947555907,3130001000135,1.3440572751800473,0.0,5.809227,10.16342,11.8078,0.0,-999.0,0.0,-999.0,8.71600716,0.0,0.9303668944320957,33.00121,10.2672
19,2683.308,161.0278,14.25633,20.98855,0.6234089,7.956458,1.006206,68.63104,0.8705586537214512,6.708793,6.152403255,94,1186.2092760130408,61.724197000000004,13.527728999,459.1402,9.597604,0.7242093,58.79039,0.7242093,58.907669999999996,02334430,14,2,131.2,34.15694444,-84.07888889,25,66.44113,50.48531,13.015331999999999,sedimentary,2.092288,308.1948,0.439752,51.31179,8.268586,2.143821,0.6134593,4.534534,0.1606935,0.0003689476,100.0,sedimentary,5,1.6344170723355924,3130001000025,12.73720160772131,51.872648490991956,7.066979,11.75411,91.43049,0.0,-999.0,0.18633716293470598,45.53172,18.686647195,0.03401071,2.303603238987101,5.186297,0.9444053
20,24.3738,140.1667,14.98914,21.60336,0.1506659,9.021128,0.1094575,68.06111,0.7487580927061025,6.097999,0.4615612,0,0.0,38.080641,2.274574,329.8359,5.577914,-999.0,0.0,0.0,-999.0,02334480,0,0,0.0,34.1326,-84.069911,15,56.87837,67.71724,53.552168,sedimentary,1.673403,287.2229,0.8935825,27.22103,9.984491,0.87512,0.4430987,4.002658,0.4135588,0.0,100.0,sedimentary,2,1.4221019994491098,3130001001331,0.0,0.0,5.134923,12.29226,100.7976,0.0,-999.0,0.0,-999.0,113.39257863330002,0.0,3.8747439474764054,0.07384979,0.0
21,13.1184,139.3213,15.05088,21.66255,0.08998451,9.060451,0.05575636,68.0,0.9290889132821076,6.0,0.3773326,0,0.0,30.358121,4.589736,324.498,3.833588,-999.0,0.0,0.0,-999.0,02334578,0,0,0.0,34.096489,-84.079634,16,56.07197,80.55337,60.702532,sedimentary,1.597,287.7867,0.6997805,22.35867,7.663282,0.336169,0.3155873,2.449232,0.7821076,0.0,100.0,sedimentary,2,1.2518858507823558,3130001001349,0.0,0.0,6.0,11.54243,102.6657,0.0,-999.0,0.0,-999.0,114.2316018,0.0,4.82278506097561,0.0,0.0
22,22.9599,137.9049,14.75741,21.63196,0.1010639,8.879342,0.09888977,67.0,0.5034451369561713,5.259692,0.8388538,2,10.257143977107914,12.880719,1.340598,303.0223,3.862309,1.457331,2.725545,0.0,-999.0,02335350,0,0,0.0,33.965101,-84.264923,25,49.49959,95.975162,83.19549,sedimentary,1.593956,289.8758,0.04311866,6.526597,6.130689,0.223433,0.0,0.9799694,0.6977382,0.0,100.0,sedimentary,2,1.2713364949539954,3130001001417,8.92467806610405,8.34651443303403,6.499784,14.33673,232.2411,7.3012133350059045,0.7139197,0.0,-999.0,117.26036680200001,0.0,5.5649303135888495,0.08231743,0.0
23,3.7026,138.3886,14.8185,21.7101,0.05213796,9.099363,0.05718162,67.59115,0.48953492140657917,4.0,0.07292173,0,0.0,6.028196,0.0,310.2333,2.935135,-999.0,0.0,0.0,-999.0,02336030,0,0,0.0,33.905658,-84.224921,20,49.0,99.3276557,93.2912,sedimentary,1.593,287.9864,0.0,1.871658,4.156538,0.0,0.0,0.2916869,0.3889159,0.0,100.0,sedimentary,1,1.1224114837513537,3130001001472,10.610426625001654,10.610426625001654,7.0,11.83163,165.5314,0.0,-999.0,0.0,-999.0,114.2316018,0.0,6.007081081081081,0.0,0.0
24,68.0589,136.357,14.96762,21.81003,0.2148919,9.180759,0.2602109,67.0,0.5798988817039359,4.741725,1.1795666,5,40.382036735827356,17.940784200000003,0.1018236,298.3167,4.146381,2.423594,6.376915,11.84252,11.84252,02336360,1,1,2.1,33.869167,-84.378889,28,47.83843,96.510921,80.390371,sedimentary,1.593,290.4388,0.05554013,8.061253,9.37967,0.4998612,0.0740535,0.1203369,0.3834914,0.0,100.0,sedimentary,3,1.3011889114538597,3130001001492,4.3336936317881545,2.459169760661171,6.530501,12.28211,211.0414,0.14748589211113608,12.33066,0.0,-999.0,176.7219654996,0.0,7.078279459300617,0.0,0.0
25,585.7911,144.414,16.176,22.79516,0.4007643,9.924168,0.5031068,69.3025,0.8505924722994255,5.196981,1.746561576,39,83.67604424171006,55.424426,6.5239471,225.4283,7.822799,1.127807,26.61999,1.127807,10.80053,02423496,5,0,0.0,33.369277,-86.784155,27,36.98514,51.47696,28.758495500000002,sedimentary,1.668448,352.3505,0.9547089,39.7295,10.51132,5.183606,2.290134,3.779351,0.7606636,0.0,100.0,sedimentary,5,1.9763955753000928,3150202000324,6.225927936588533,0.0,7.843805,12.37814,124.2422,0.0,-999.0,1.3656771197869546,23.1447,94.9448183943,0.0,3.2302224346608854,0.0,0.0
26,71.4042,144.174,16.06777,22.50446,0.2760816,9.547318,0.1273008,69.63492,0.8956656611235754,4.179611,0.5369432700000001,5,6.47545942675641,56.193758,5.7135299,253.2508,9.436038,6.32588,6.672616,0.0,-999.0,02455980,0,0,0.0,33.711213,-86.696101,17,39.88942,54.60839,30.0902495,sedimentary,1.721001,351.2596,0.7991127,46.93716,5.272379,3.984219,2.305326,3.903552,0.4499735,0.00630215,100.0,sedimentary,4,1.6932114617529188,3160111000115,5.565636019100517,11.53715700672988,6.533742,11.4219,125.5618,0.0,-999.0,0.0,-999.0,48.7130787,0.0,3.947067226890756,0.0,0.0
27,85.9473,142.0223,16.53661,22.96728,0.2212337,10.4546,0.2443747,69.99,0.40384456521612666,5.506058,0.5958303,2,2.151900059687739,6.2787313000000005,1.0848508,205.1397,4.073077,1.8796410000000001,8.484834000000001,0.0,-999.0,02458450,0,0,0.0,33.5176059,-86.8791584,23,37.42915,97.760026,91.75263000000001,sedimentary,1.123082,355.6189,0.01151869,4.992827,0.7131114,0.5727929,0.3026273,0.2083835,0.1308942,0.0,100.0,sedimentary,2,1.0997590314776227,3160111000021,0.0,0.0,8.821136,12.40234,372.658,0.0,-999.0,3.490511045722204,8.455052,48.71295,0.0,9.259386856829709,0.0,0.1047153
28,1985.226,122.3737,10.89502,17.93775,0.3007498,4.509872,0.2563816,71.74844,0.8145742600590562,4.02902,0.7466202,41,116.24841554563561,73.39023547000001,14.993474,380.1045,16.48293,5.073236,30.291580000000003,9.201600000000001,40.03906,03061000,9,1,2052.0,39.42230818,-80.27591867,23,26.83662,44.03651,9.5071782,sedimentary,1.323726,122.6485,0.8073236,72.80061,0.05571657,0.5339089,0.0004533488,0.3090025,0.001314712,0.008069609,100.0,sedimentary,5,2.212711214139804,5020002000019,1.365648927657543,0.18501668318456138,5.388535,12.11339,169.4117,0.0,-999.0,0.25186049346522765,19.531509999999997,41.698323050000006,0.0,1.9486773798046166,0.0,0.6930344
29,708.7518,99.46628,9.567526,15.57999,0.1801771,4.02502,0.1691003,68.72872,0.8937179418803592,2.529915,4.665892579,16,359.50622347625784,29.83522698,47.34947,344.5313,1.732511,0.7078586,24.60191,0.7078586,11.754340000000001,03091500,3,1,0.0,41.13144613,-80.97120183,24,35.19725,79.54505,14.2016143,sedimentary,1.402704,113.7548,0.04990463,29.34926,0.4678083,0.01815868,0.2413962,2.151487,2.010281,0.1417139,100.0,sedimentary,5,1.8241750705106696,5030103000135,14.013195264721492,52.62778245064771,4.123305,13.07663,634.6237,1.1561916958651088,10.13581,0.14109311609508435,22.86619,21.708443580000004,0.39643209999999995,1.991454554330585,0.0,0.0
30,1487.505,100.301,9.483849,15.57467,0.2547491,4.010736,0.1326904,69.09911,0.9022134379380237,2.530079,3.387195616,26,275.5909445682536,37.321715659999995,39.49878,328.1176,1.572731,8.621513,32.159169999999996,14.909120000000001,24.10272,03094000,4,1,0.0,41.23922335,-80.88064197,22,36.83812,69.62418,12.4629189,sedimentary,1.344114,113.7005,0.07732412,36.92009,0.3857131,0.01591256,0.8986056,3.328265,3.207318,0.1754011,100.0,sedimentary,5,1.9572891750866115,5030103001168,8.985266536864952,40.840435265011635,3.973414,13.02368,569.8627,0.5457035409341103,22.43506,0.06722666478432004,37.0931,41.183828,0.0,1.8246668078426627,0.1564634,0.008047033
31,5752.941,101.0025,9.174959,15.47736,0.4242267,3.528237,0.4734238,68.80226,0.8998343629806043,2.87018,3.487945803,80,306.2689389653049,35.80938785,34.81391,331.0597,2.338058,24.369979999999998,56.11401,25.66477,53.46446,03105500,15,7,677.3,40.88867389,-80.33700835,26,37.34027,72.3464,19.1327244,sedimentary,1.516437,114.8927,0.0768911,35.15324,0.5693227,0.08682515,0.887619,2.411784,2.993841,0.1286577,100.0,sedimentary,6,2.83563211846664,5030104000107,8.071556866216161,31.02871391706107,5.070821,12.48572,458.901,0.2559809407316716,50.83594,0.46932516777071065,42.079089999999994,88.54329985,0.038024419999999996,2.3169001733200463,0.1382632,2.171145
32,3547.473,115.2142,9.460857,15.86963,1.514704,2.922718,1.137573,71.59941,0.6864424338113355,2.313133,0.07321847899999999,10,3.7826190643311453,83.214372,10.8655136,834.0182,18.0926,27.97621,78.65223,31.581349999999997,52.775169999999996,03183500,2,0,0.0,37.72428744,-80.64146806,13,40.03417,25.672970000000007,4.55623944,sedimentary,3.805888,124.0874,0.3118001,75.52562,4.60972,3.079032,0.1350457,0.1841117,0.09280429,0.09612779,100.0,sedimentary,5,1.6917803999794658,5050003001437,6.447652205051381,63.574701726718686,3.202142,11.17316,30.2379,0.0,-999.0,0.056378159890152796,20.542150000000003,4.31990377,0.0,1.251752726518285,0.01486695,1.285991
33,1381.823,115.9051,10.91702,17.41158,0.825832,4.891538,0.5412199,70.70757,0.8971221350346607,2.528006,0.08147932,3,3.0953870358215196,58.321409499999994,30.0440445,760.8605,18.26808,19.40172,47.41416,61.11268,61.420379999999994,03524000,2,0,0.0,36.94482952,-82.15485693,16,47.36306,55.72358,8.0190361,sedimentary,1.946644,144.1476,0.378348,54.71411,2.881085,0.7262145,0.3825815,2.780392,0.0043638,0.0,100.0,sedimentary,5,1.9944160342053845,6010205000104,2.453471263180991,20.95348180057986,3.576257,11.05886,38.27962,0.0,-999.0,0.14473633743250763,44.59653,10.97653028,0.0854753,1.809310599114358,0.3576362,0.0
34,306.9972,80.08629,4.873285,11.72057,0.1817549,-0.608228,0.09939878,68.61848,0.547361344012258,2.0,0.49984169300000003,2,1.9278351724380547,45.000994,22.213203999999998,390.0744,1.922628,13.68094,17.723380000000002,0.0,-999.0,04077630,0,0,0.0,44.898031,-88.844273,7,67.37526,39.13377,3.470748,granitic,4.538541,101.8204,0.006156408,41.11161,1.695944,2.19344,0.5740117,0.2843674,27.54992,0.2843674,100.0,granitic,4,1.4923276908624676,4030202000228,3.020732165981109,9.419469425884474,0.3736031,13.03402,133.0204,0.0,-999.0,0.0,-999.0,4.971898295760001,2.221316,1.0472387622149837,0.0,0.0
35,2882.075,83.0102,5.917566,11.98139,0.1489423,0.0466479,0.1355749,72.688,0.23060753103232914,2.250769,1.982977,9,6.715867560698456,56.66148199999999,1.9334504,374.5225,1.580905,3.4792379999999996,21.37155,33.37098,33.37098,04136000,1,3,320.3,44.676959,-84.292515,11,81.55692,27.29987,9.3947606,sedimentary,11.59339,91.18172,0.09892871,27.28946,23.06641,6.305612,5.510841,12.58075,10.2276,1.584795,100.0,sedimentary,5,2.053204037958584,4070007000079,9.562591536140056,4.823915268109122,0.2397105,12.79505,81.55736,0.0,-999.0,0.0,-999.0,2.5195736627160006,0.01734831,2.14201236606895,0.0,1.834522
36,3524.812,82.32388,5.887085,11.99637,0.1636175,0.04567744,0.1347547,72.62769,0.2538235798107814,2.261623,1.77995,13,7.6673953107286295,58.569225,1.9576617,372.3676,1.69401,0.1393005,22.73094,0.1393005,19.52625,04136500,2,4,325.3,44.66001385,-84.13111674,11,80.29086,26.901629999999997,9.14984896,sedimentary,11.51981,90.63448,0.08551094,26.26174,25.87264,6.434845,5.864738,11.72513,9.38644,1.451618,100.0,sedimentary,5,1.9662886005314368,4070007000073,9.284657403917645,13.239769239229332,0.3162644,12.7539,82.21027,0.0,-999.0,0.0,-999.0,2.3385232645,0.02403846,2.1374345638859604,0.0,1.607498
37,4144.092,81.63893,5.903865,12.05166,0.2258538,0.02501117,0.146726,72.49876,0.2911887573924517,2.211476,1.6533660236,16,14.002153668403116,60.694179,2.2166134,365.7595,1.876456,0.19408019999999998,43.23153,0.19408019999999998,27.96675,04137005,3,5,333.3,44.560847,-83.802764,11,79.10997,26.249080000000006,8.69175596,sedimentary,11.42782,90.10175,0.07670678,27.87942,26.19098,6.623779,5.283647,10.87125,9.080047,1.354509,100.0,sedimentary,5,1.8198315939260943,4070007000047,9.703856675116619,27.646273020742377,0.3444982,12.62018,76.18817,0.0,-999.0,0.0,-999.0,2.1353069569830003,0.0,2.0558918845874485,0.0,1.367279
38,4529.236,81.0445,5.952149,12.11066,0.2982499,0.05350094,0.2491429,72.39687,0.30803981068771863,2.255284,1.9651720963000001,20,33.5062337224203,60.697450999999994,2.1497330999999997,357.5527,1.910817,0.58804,62.557449999999996,0.58804,35.09359,04137500,6,9,361.3,44.43640447,-83.4338609,12,78.35342,26.270610000000005,8.478336869999998,sedimentary,11.27192,89.7335,0.07699973,27.73294,26.434,6.530511,4.891102,10.24172,10.02155,1.3607,100.0,sedimentary,5,1.8148253816160387,4070007000783,13.021613621132683,48.445121830643345,0.3261425,12.5752,77.63869,0.0,-999.0,0.0,-999.0,2.0486918100000002,0.0,2.0305411332065715,0.0,1.251012
39,10296.64,47.24955,4.243202,10.80494,0.3258153,-2.09924,0.2225501,66.57581,0.2509992580103801,0.4667808,2.6885656989999998,30,23.00762404046369,0.45263805799999995,68.59879000000001,472.3333,1.170564,0.3132781,91.32224000000001,0.3132781,125.7046,05058000,4,0,0.0,47.03387183,-98.08370769,13,24.36614,90.277267,4.080176065000001,sedimentary,2.834946,59.6102,0.026834,0.3815935,0.06230384,0.008740718,0.0,14.07179,0.4106826,7.336871,100.0,sedimentary,5,2.5626153004006067,9020204000432,6.062715882573036,11.805919480912554,17.13142,13.5907,912.6614,0.857448531582554,186.31289999999998,0.0,-999.0,0.804271622,0.3691584,1.050941860645803,0.0,0.2781209
40,3901.471,81.60182,4.896438,11.54329,0.1874201,-1.6238,0.2943985,68.06528,0.3687521962869902,2.009192,4.637812446,26,42.55406486425249,67.05302400000001,3.4392883,357.1493,2.02222,9.647233,46.548660000000005,24.78788,53.21278,05333500,6,5,17.107,46.0749426,-92.24741521,10,63.85701,20.868570000000005,4.78969248,volcanic,7.488866,117.8907,0.01951559,46.54122,8.001414,12.51039,5.50245,1.686368,11.70624,0.7170479,50.95324,volcanic,7,1.3154745819538407,7030001000100,16.55500613063678,62.66963881558157,2.875113,12.84939,95.93851,0.12501675151319688,46.093019999999996,0.0,-999.0,2.5920433215000003,0.014063049999999999,1.2249228560202037,0.003898504,0.0006920422
41,676.8891,95.58911,0.1078362,7.734351,0.9028658,-6.53518,0.4944907,56.89942,0.425261390676848,2.004329,0.333599698,0,0.0,63.960195516000006,0.0497275,2428.047,7.518806,-999.0,0.0,0.0,-999.0,06036905,0,1,2.0,44.62021,-110.86299,3,82.4286,2.400120000000001,0.28546773999999997,volcanic,4.875496,35.61985,0.1485177,0.009307286,63.90023,0.05065823,24.02782,8.907338,0.9192939,1.507381,100.0,volcanic,4,1.4471611569250147,10020007000283,1.5203501904432375,0.0,0.01468987,11.17042,47.84826,0.0,-999.0,0.0,-999.0,7.195587800000001,0.0,0.09527148538807909,100.0,0.0
42,2411.956,91.74803,0.9797894,8.152905,1.338888,-5.92152,0.7198852,57.2128,0.5208851239409011,2.227273,2.328363181,2,268.74113748343666,54.5354783,0.046829212,2400.151,10.17489,0.371747,10.6305,0.371747,0.371747,06038500,1,1,2.0,44.86659278,-111.338288,6,82.06615,4.703209999999999,0.666056942,volcanic,4.029956,28.74407,0.05970258,0.1453385,54.35999,0.0301498,29.64498,10.64534,0.8118432,1.317375,88.45142,sedimentary,6,1.5595488492208522,10020007000248,7.068979075927766,38.188477551374675,0.4088046,11.24492,58.6346,0.0,-999.0,0.0,-999.0,37.23750373,0.0,0.3038677322471886,73.95997,1.00013
43,3010.995,90.42389,1.149322,8.053859,1.5425,-5.738,0.8550048,57.73106,0.5947714958012219,2.574564,2.138033868,3,239.6401518434936,52.1645424,0.043400935,2400.151,13.48292,14.06841,24.38437,14.06841,16.80843,06038800,2,1,2.0,44.889369,-111.580243,11,81.66705,4.55171,0.628506462,volcanic,3.767279,27.71833,0.2060648,0.2155102,51.91962,0.0294122,31.47336,11.55992,0.7089716,1.144864,70.93945,sedimentary,6,1.6401251997688442,10020007000225,6.879745640906516,42.85021652686482,0.4468087,11.01289,54.00319,0.0,-999.0,0.0,-999.0,44.2391211798,0.0,0.2964268349385586,62.99254,2.831044
44,38074.68,56.72169,3.621417,9.827625,2.649441,-3.42296,1.598033,60.64619,0.9158860954313995,0.6723835,0.51236725,105,40.43331623535641,34.952622739999995,6.300913,2046.935,16.61745,3.047402,115.4803,3.047402,92.31382,06054500,15,8,24.45,46.14604028,-111.42052,16,75.27242,11.658649999999994,1.4343531870000001,sedimentary,3.145341,17.39673,0.2841329,0.1340072,34.78006,0.03855554,20.06967,35.20591,0.5719297,0.7142337,60.69685,sedimentary,17,1.5598190268242766,10030101000472,2.4405975899910732,70.93970346335543,1.77152,10.92934,83.3661,6.701603891022241,92.70003999999999,0.005252834692241668,95.97505,56.64816465,2.070599,0.5780371627548807,9.338315,9.590795
45,43985.17,54.77761,3.887359,10.10214,2.67803,-3.1698,1.66908,60.33763,0.9282669590682497,0.5913391,0.86170714,119,106.82896651303156,35.31655122,6.415831,1979.925,16.59237,0.6464844000000001,170.48239999999998,0.6464844000000001,129.2936,06066500,22,11,129.65,46.994665,-112.0111108,17,74.19851,12.595550000000003,1.7440148690000001,sedimentary,3.087793,16.98986,0.2584792,0.1168164,35.13691,0.06282482,19.32217,34.95051,0.5512763,0.6188052,55.58841,sedimentary,18,1.4893090086529377,10030101000155,2.9158598657163193,79.62255538803265,1.572005,11.01474,86.24379,6.858626920708753,154.92610000000002,0.009093974173568047,110.9829,56.4772719,0.1607261,0.6298561537900161,8.345114,8.900364
46,100.0449,102.523,17.60878,24.3829,0.1246935,11.74417,0.145195,64.0,0.20161877317084628,2.755306,0.55505078,1,1.1584998335747252,3.7864003000000004,56.077220000000004,195.5336,0.9674935,13.02148,13.02148,0.0,-999.0,08052745,0,0,0.0,33.219285,-96.891948,15,13.6251,83.29672,12.861525100000001,sedimentary,0.6242742,300.3728,0.1295418,3.662256,0.1241443,0.0,0.01799192,26.79177,0.1673249,0.0,100.0,sedimentary,1,1.457302359319369,12030103000796,0.0,0.0,15.39242,12.59183,1026.556,0.0,-999.0,0.0,-999.0,163.5073979367,1.6229710000000002,1.7457716913234704,0.0,0.0
47,989.3655,129.8227,19.17457,25.65785,0.07419857,13.17776,0.2251927,71.03787,0.7338475012520651,5.281431,0.7224630000000001,13,3.2601985818183477,45.7179375,11.3381759,80.79632,1.535534,33.25987,56.923660000000005,0.0,-999.0,08070200,0,0,0.0,30.1454932,-95.12437563,11,24.05547,31.768379999999993,7.5933215,sedimentary,2.720872,373.2998,0.1849367,0.4868575,32.41314,12.81794,7.806549,8.19225,18.4128,0.1379975,63.8763,quarternary,5,1.486962688405052,12040103000383,0.7681093168810569,0.0,9.766447,12.65401,331.0728,0.0,-999.0,0.0,-999.0,35.42940544499999,0.0,1.5168388224574236,0.0,0.0
48,3399.72,83.25774,19.17315,26.21207,0.8563867,12.76037,1.243585,63.06067,0.6189524431423764,0.7368032,1.1474091100000001,61,128.11199745861427,38.2565316,9.055962,384.2163,6.042254,0.8535584,59.41612,0.8535584,51.61786,08181500,5,4,421.7,29.26412761,-98.49084933,27,43.60461,27.777519999999996,13.5016402,sedimentary,0.9214122,275.0107,0.3007836,6.988254,31.07635,0.1919276,27.05149,9.653824,1.153524,0.04820691,100.0,sedimentary,5,2.028784089024414,12100302000003,4.817753467362714,13.352204822956852,27.81416,11.76247,441.2238,3.9303424236015907,29.210729999999998,0.05882837410139659,12.726090000000001,137.66434855,5.544455999999999,2.2985045827303425,0.0,0.7914563
49,14613.81,55.22829,3.163491,11.16423,3.138906,-4.45362,2.936669,52.79384,0.6002379256333564,0.08728895,0.5762131558,180,88.11339773816687,55.104234999999996,3.6755566,2826.741,22.22787,6.446572,48.62322,13.40285,79.07477,09144250,25,5,292.4,38.75303944,-108.07840307,19,67.01671,7.2909700000000015,0.816415442,sedimentary,2.860205,19.62695,3.699957,20.51475,33.15783,1.431655,21.27404,13.33407,1.481743,0.1359317,44.50908,sedimentary,7,1.8458861460892917,14020005001159,2.867403052271248,40.62801506707492,10.21636,10.6775,91.53474,7.629070689666374,47.04606,0.013685684978797453,93.99598,95.88211204999999,7.618225000000001,0.6514726823463559,2.743422,18.30057
50,2899.502,48.21312,7.066574,14.31114,3.191941,-1.72431,2.842338,53.62857,0.6812000819451065,0.9760742,0.259461825,15,27.761297974617715,51.532579600000005,14.240879,2388.233,15.69689,4.727522,50.63787,32.19994,49.42262,09149500,6,2,0.0,38.74192846,-108.08090317,24,64.41608,22.730919999999998,2.9042398899999995,sedimentary,1.395481,14.44503,4.769578,18.34273,32.53134,0.6585096,19.45448,6.332991,0.567625,0.004035176,85.19276,sedimentary,5,1.2274931689031554,14020006000446,0.19784617908291105,0.17760495460265396,4.141897,10.68443,475.5432,18.120448109780515,35.340559999999996,0.03448868115973019,29.28532,114.84549195,9.963346,1.3004867732458885,0.1747231,8.138205
51,46273.94,55.42715,4.393756,11.99497,3.647697,-3.16663,3.480361,53.92383,0.6954149571011242,0.412894,0.5370368600000001,485,75.87137872850248,53.786733,4.124505,2618.914,22.18944,14.28346,138.7716,21.85239,174.0245,09163500,83,24,566.065,39.13276047,-109.02705463,20,65.64561,8.797780000000003,1.49130228,sedimentary,2.892982,20.25444,3.776352,18.0023,34.59972,1.184713,24.10788,9.880663,1.540476,0.1536814,72.19503,sedimentary,9,1.5297570336726067,14010005000002,3.0426571625057997,60.12408556581935,5.543188,10.61723,118.6485,7.960399744061375,141.16320000000002,0.04322087118581214,200.48729999999998,91.51017209999999,5.661771,0.7456628936286818,4.262233,14.97388
52,41.0976,56.56154,6.11146,13.18624,0.3054007,-1.74794,0.4031478,54.06673,0.42875301720781744,1.0,1.7497372,4,6.240364400840925,19.79020691,2.11764144,2063.044,10.081,2.810954,3.0089270000000004,0.0,-999.0,10129900,0,0,0.0,40.73523,-111.47603,28,69.88658,30.566519999999997,13.995708,sedimentary,2.318503,19.99135,0.0744569,16.34767,3.416258,0.02627891,63.63875,0.02627891,0.2387001,0.0,100.0,sedimentary,1,1.2656343376123462,16020101000021,0.0,0.0,3.96229,11.611780000000001,66.19346,35.44588416364371,3.357814,2.433232110877521,0.490257,26.095663575,1.8,2.5999815074359574,0.0,0.0
53,89.5617,73.02898,5.364942,11.53787,1.923513,-1.95396,0.7407689,53.96931,0.6981293343024976,1.0,0.14169,2,1.211500005024469,56.911157,3.5382309999999997,2287.911,19.04909,3.360449,4.283845,0.0,-999.0,10133650,0,0,0.0,40.723838,-111.519644,11,68.47079,24.332589999999996,9.74244652,sedimentary,2.124033,30.73515,0.07838172,40.90219,14.88851,1.120457,29.35998,0.03014681,0.3235758,0.0,100.0,sedimentary,3,1.1647344020512684,16020102000093,0.0,0.0,4.305612,10.26434,70.92873,0.0,-999.0,0.0,-999.0,28.4870450628,3.507109,2.222476552032157,0.0,0.0
54,147.7674,72.22185,5.668124,11.90059,1.668205,-1.90551,0.8346964,53.7709,0.6656713862462221,0.9436347,0.1084136,8,3.1791382943734545,57.431814100000004,3.4235559999999996,2229.863,19.96388,2.2547669999999997,4.929824,0.0,-999.0,10133800,0,0,0.0,40.75967,-111.564091,13,68.99669,24.437349999999995,12.2166329,sedimentary,1.834683,33.35321,0.05237962,40.59055,16.09455,0.7467141,26.51931,0.01827196,0.2862607,0.0,100.0,sedimentary,3,1.3329078986915237,16020102000088,0.0,0.0,4.889255,10.58788,99.5277,0.0,-999.0,0.0,-999.0,30.041261009040003,2.136752,2.494995601272247,0.0,0.0
55,4121.275,54.39974,6.538694,14.14934,1.626751,-1.0815,0.5621473,62.8082,0.6103992089826571,0.3018171,0.26397657809999997,13,3.2066032963100017,55.501177031999994,2.2566849,1599.706,7.826496,17.50936,75.25465,0.0,-999.0,11501000,0,1,1.2,42.58458091,-121.84973661,13,72.55922,4.644319999999993,0.37534982699999997,volcanic,5.389562,23.0409,0.3561761,0.001747032,55.49943,0.0,22.61201,15.15541,0.1202395,3.422938,99.02808,volcanic,6,1.9253351849888203,18010202000035,0.9220511181524416,2.6612389636277176,0.2265074,11.7756,374.5199,3.455133380478712,63.33656,0.0,-999.0,56.01644815,1.3999320000000002,1.4182710447616333,4.045776,0.0
56,448.3881,222.4246,7.841119,12.45939,2.28463,3.212356,1.601637,74.14594,0.7745560152020091,5.295012,2.056567,2,481.26499119847296,69.671963,0.4570371,623.9786,24.33574,21.823430000000002,28.45514,35.08685,35.08685,12119000,1,1,20.0,47.48259993,-122.20345474,19,61.24319,34.87499,16.3082163,volcanic,5.516439,149.1338,0.1808478,1.433133,56.84843,11.3904,8.959894,1.315713,1.171998,0.1920881,77.50036,quarternary,4,1.4892407011528854,17110012000024,4.669470376908608,9.723439437784208,1.824383,10.72123,25.951,6.018859107225793,20.44855,0.0,-999.0,83.2727252,0.2616089,2.532774620914337,0.0,0.0
57,14.1264,381.8817,6.96326,10.58402,0.8927153,1.695361,0.7222829,74.31464,0.41947898969305697,2.792914,0.9811417,0,0.0,84.6330258,0.0,1027.909,50.25106,-999.0,0.0,0.0,-999.0,12147600,0,0,0.0,47.70677144,-121.60010693,7,53.33981,13.567549999999997,2.3318048,granitic,8.311131,215.1503,1.752039,1.306065,82.71534,0.6116208,9.397299,1.057594,0.4778287,0.0,100.0,granitic,1,1.094536174086156,17110010000434,0.0,0.0,0.3964573,8.890247,1.386899,0.0,-999.0,0.0,-999.0,83.38355,0.0,0.7716360856269113,0.0,0.0
58,51.84,333.4138,7.947883,11.15897,1.003363,2.286154,0.8101389,73.57086,0.4980626929012345,4.944044,8.157986,0,0.0,74.98957920000001,0.0,875.0152,42.98266,-999.0,0.0,0.0,-999.0,12148000,0,0,0.0,47.68926929,-121.7134457,14,53.77579,25.120959999999997,4.2569441,volcanic,4.573122,185.4219,1.397569,0.7847222,72.91319,1.291667,9.748264,1.619792,0.3315972,0.2725694,54.78568,volcanic,3,1.1350463242209499,17110010000432,25.339628041830288,37.76135632406812,1.744596,9.635648,8.976267,6.279101472255348,1.1693040000000001,0.0,-999.0,83.38355,0.0,1.4276983024691359,0.0,0.0
59,76.7628,296.3854,8.292392,11.69725,1.305785,2.746597,1.041048,73.50991,0.704942498189227,5.218429,5.822351,1,17.668714533602216,72.569524,0.0,757.8184,35.77335,0.475489,0.475489,0.475489,0.475489,12148300,1,0,0.0,47.69676817,-121.78733785,25,54.48944,24.788709999999995,4.83515377,volcanic,5.115921,173.8062,0.9660929,0.759743,62.13361,9.676171,11.47587,3.232425,1.362379,0.3376636,69.46571,volcanic,3,1.1655744639379202,17110010000430,12.433628220461637,26.254882252459623,1.737499,9.999856,10.54756,16.08131522418863,3.865813,0.0,-999.0,83.38355,0.0,1.6138025189284393,0.0,0.0
60,272.4822,258.3118,4.985923,9.372909,1.898342,0.1844389,1.853973,70.18019,0.5767040929646048,2.107241,0.2754675,1,0.8914380462283409,64.18030306,0.0,1293.008,47.44131,12.87142,12.87142,0.0,-999.0,12205000,0,1,0.0,48.90595739,-121.84431036,5,61.4234,6.15119,1.4470302199999998,sedimentary,2.422571,183.8377,9.135018,0.2579618,63.87643,0.04591126,16.4937,2.13636,0.3217091,0.04525066,76.36282,sedimentary,4,1.2414319519595094,17110004000339,3.9560791031782796,10.774452629244962,0.05620367,9.387161,13.24875,0.0,-999.0,0.0,-999.0,18.7736,0.0,0.42999542722423706,57.29857,0.0
61,1904.435,236.3267,7.55652,12.1172,2.395391,2.775455,2.298707,71.55175,0.727102789016165,3.009671,0.280665901,2,0.19423083486703407,59.444606,11.504040999999999,718.2605,29.67616,11.36811,39.31771,0.0,-999.0,12213100,0,2,4.0,48.84483249,-122.5893389,12,58.43696,25.3223,5.2755177,sedimentary,3.502343,140.9983,3.050558,3.117003,50.22729,6.100313,13.27981,2.284835,2.22614,0.72872,67.29115,quarternary,5,1.7461737341998838,17110004000033,6.486689005719567,92.98408795368348,0.3655803,10.2775,93.09468,7.2404529435553755,15.879940000000001,0.0,-999.0,18.216921125000002,12.20758,1.1158879142632854,14.5693,0.0
62,413.9685,66.16458,3.126009,8.423414,2.205225,-3.8149,1.117831,60.97886,0.6984555588166732,0.0,0.7154892078,4,60.272672920765714,62.093636314,1.336406,2169.145,24.9407,19.72379,29.41995,34.99977,34.99977,12323770,1,0,0.0,46.18030056,-112.78594889,12,78.50803,9.854029999999995,3.48069978,granitic,2.732498,22.8441,0.9422456,0.008696314,62.08494,0.0,23.41309,7.468394,0.5643908,0.0,51.57273,granitic,4,1.7086987817083328,17010201000349,2.315832960386472,0.0,0.8967641,10.23194,72.68455,4.084183156451612,21.07365,0.0,-999.0,33.700568845,14.814810000000001,0.7318394998653279,1.79318,11.74633
63,8336.927,78.53752,3.27774,10.54626,2.08722,-3.80212,1.375762,57.47242,0.8542814396719559,2.011244,0.958090588,29,13.914372286095347,38.70464191,20.32333,2438.444,19.29773,23.78241,58.95018,43.13397,77.59557000000001,13056500,3,8,35.3,43.82583333,-111.905,22,79.28818,26.500969999999995,1.614709613,volcanic,4.145772,23.70591,0.4334132,2.052861,36.56219,0.08959091,29.37379,5.384512,1.621672,1.598581,82.49138,quarternary,6,1.8442518170287217,17040203000045,4.458797301126271,72.9871652434723,2.54734,11.64394,204.7832,12.646756945511159,36.18003,0.011994827350653305,8.569816999999999,184.7793851,32.90285,0.8842206486874601,17.13981,1.549365
64,3354.622,143.1492,4.562538,10.64732,1.830293,-0.668121,1.028918,66.97269,0.7192652406142928,1.238457,0.04000152865,0,0.0,75.57412028,0.002709694,1442.679,33.8636,-999.0,0.0,0.0,-999.0,13340600,0,0,0.0,46.84046563,-115.62070327,1,68.75488,0.6610900000000015,0.0004292585,gneiss,4.388268,69.77832,0.01628499,0.01298507,75.51169,0.04944521,23.58923,0.5722552,0.07699824,0.08992965,50.59888,gneiss,5,2.805628242045896,17060308000088,0.7826954949369278,11.138004317201586,0.05823704,10.02865,7.782908,0.0,-999.0,0.0,-999.0,0.5755096285,0.0,0.5847147607092543,0.1836421,0.08091522
65,24064.79,106.3616,5.447416,11.93692,2.511191,-0.503674,2.263472,63.878,0.7932194712690199,0.9561478,0.36224340899999996,14,182.87652832208383,67.12103774,9.47679477,1319.377,27.4683,17.73083,43.76381,31.95427,35.167199999999994,13342500,3,3,401.2,46.44849828,-116.82737491,11,65.49709,13.138099999999994,0.83787701,gneiss,3.427198,43.39619,0.03436224,0.1129638,66.94285,0.06522394,16.39428,5.537681,0.121861,0.1135098,41.93251,quarternary,8,1.5159474218456304,17060306000017,2.3575594096180668,62.30984503432616,0.1416222,10.26958,71.51418,0.12580610687182864,38.546459999999996,0.0,-999.0,7.170837685,0.3072462,0.7363355341974727,0.5253893,21.82551
66,251.7876,50.20258,7.834386,13.68909,1.776361,1.296622,0.7422862,59.71453,0.7739602744535474,0.0,0.2612917,1,69.00341001701435,19.559697411000002,0.70773942,1083.326,20.25735,0.6412595999999999,0.6412595999999999,0.6412595999999999,0.6412595999999999,14034500,1,0,0.0,45.3504062,-119.55002178,16,56.45,3.522189999999995,0.10079924700000001,volcanic,1.106424,13.90069,0.0,0.02895297,19.52717,0.003574441,68.09132,10.43415,0.0,0.866802,80.6101,volcanic,4,1.305945186717671,17070104000134,0.0,0.0,1.450767,10.64315,98.07046,0.3296245361095602,26.593970000000002,0.0,-999.0,90.49935,0.0,1.1433458200483264,0.0,0.0
67,168.5637,37.10374,8.708549,15.58436,1.403699,2.439229,0.6393753,57.07579,0.8440156451240688,0.0,0.001067846,0,0.0,10.39388,0.07795273,915.4915,21.8378,-999.0,0.0,0.0,-999.0,14046890,0,0,0.0,44.910407,-120.440863,4,63.33484,3.855159999999998,0.6930316999999999,sedimentary,0.467542,9.737395,0.0,0.0,10.39388,0.0,88.48542,0.3497194,0.0,0.0,100.0,sedimentary,4,1.1156891233120447,17070204000465,0.0,0.0,11.13068,10.08778,96.67468,0.0,-999.0,0.0,-999.0,15.9727422,0.0,0.3694762102515425,3.587427,0.7464241
68,6943.026,79.87056,6.171353,13.37799,2.299376,-1.09191,1.093544,63.59251,0.3716483274007616,1.035175,1.9813929083,17,111.90707293909026,60.2180647622,1.9685335,1414.595,7.272358,11.08488,57.46111,38.15052,88.40209,14076500,5,6,7.5,44.49872933,-121.32115578,19,83.52969,11.626450000000006,3.68008335,volcanic,8.764378,35.93571,3.030045,0.001879584,60.2159,0.0002851782,24.49027,3.866875,0.3987051,0.5005397,100.0,volcanic,5,2.2174376157758826,17070301000121,5.86682731583606,22.233114885384207,0.5484406,11.59157,102.7899,12.317173081007175,47.677699999999994,0.0,-999.0,41.1654329,6.068637000000001,1.786841933185905,11.3694,8.204254
69,11810.18,34.80555,6.917299,14.5037,1.378202,-0.51499,1.14017,59.63102,0.5734722925476157,0.003717454,0.23400394400000002,44,22.683408974291673,18.86436,2.7623853,1352.165,8.601798,32.71478,94.04522999999999,32.71478,77.50602,14087400,8,1,4.3,44.49234074,-121.29837702,14,68.91092,6.413380000000004,1.285135823,volcanic,3.003038,9.363011,0.1309971,0.0,18.86436,0.0,75.1115,0.728379,0.1637731,0.7637917,64.4184,volcanic,6,1.9620414775546098,17070305000777,1.0466753021751236,8.743008525185287,0.0412916,11.64745,244.8354,5.53581666460204,41.35843,0.0,-999.0,37.37771527,11.51079,1.1027003822126336,1.801412,4.39453
70,818.0802,128.0667,6.683019,12.81369,2.137126,0.1855427,1.442212,63.10063,0.6667775359921924,4.733196,0.3421425,1,26.67721330989309,69.19154684,0.0,1267.858,18.80782,29.512240000000002,29.512240000000002,29.512240000000002,29.512240000000002,14091500,1,0,0.0,44.6262275,-121.48394328,13,80.53484,1.7705799999999954,0.6761439509999999,volcanic,5.966889,52.80846,3.985685,0.03289409,69.13654,0.02211275,19.06119,6.291461,0.003080382,0.003960492,100.0,volcanic,4,1.7790817371138514,17070301000044,0.81863504910835,0.0,2.66317,10.48994,38.59814,0.0,-999.0,0.0,-999.0,46.760647000000006,0.0,0.9408771902803661,20.48124,34.48785
71,20857.07,53.62877,6.774484,14.14244,1.899826,-0.552707,1.276124,61.0957,0.5245290925331314,0.538197,0.898262282,67,85.20038648765143,34.8705206277,2.8762366,1342.19,8.606968,0.2313344,92.43983,3.776144,81.36198,14092500,17,11,490.1,44.72595225,-121.24699389,18,75.09655,8.823300000000003,2.2089175599999997,volcanic,4.886018,19.92864,1.278697,0.002278364,34.86728,0.0009622637,55.04529,2.031252,0.2371009,0.6045993,79.00616,volcanic,6,1.9888150311752897,17070306000470,2.7113665821461153,31.784461495534515,0.3184381,11.55378,189.0562,7.849299917551329,57.582209999999996,0.0,-999.0,39.69227305,9.887706,1.345675111604842,5.62201,6.726167
72,59.8653,273.1789,9.474654,13.04455,1.705954,3.295517,0.9347142,70.22613,0.6540830831884247,2.925943,0.384864,0,0.0,84.5843956,0.8328698000000001,724.6661,18.21923,-999.0,0.0,0.0,-999.0,14141500,0,0,0.0,45.41539777,-122.1714746,9,51.36594,5.449789999999993,0.0,volcanic,2.251454,197.4753,0.01954388,0.2029556,83.05396,1.32748,13.48227,0.8764676,0.0,0.0,100.0,volcanic,3,1.1636009718805977,17080001000180,3.920876739924121,0.5090470013193256,0.6835949,10.09852,52.59748,0.0,-999.0,0.0,-999.0,64.83705,0.3164557,1.5792475774781052,0.1022295,5.962386
73,1016.985,158.2679,8.338313,14.08472,2.410742,1.855406,2.106467,70.77513,0.6496673008943101,3.063025,1.228426,1,431.6169855012611,79.79208258,0.0,1202.972,30.82315,1.935017,1.935017,1.935017,1.935017,14145500,1,1,30.0,43.72206768,-122.43865895,14,71.43352,2.083500000000001,0.037699679,volcanic,2.592999,86.20015,0.8400126,0.0171684,79.70863,0.06628418,17.99921,0.3671737,0.005044324,0.003805367,67.12968,sedimentary,4,1.4392629438206943,17090001000098,4.2574117011015105,21.503611832970734,1.891592,9.587634,19.49919,0.0,-999.0,0.0,-999.0,35.71317825,0.0,1.0680216522367587,5.426365,27.81104
74,2409.197,159.8499,8.399046,13.70812,2.586522,1.830815,2.171184,70.34418,0.6462738414500765,4.332961,1.838629,2,182.39128639127478,82.84606998,0.186223792,1189.951,28.56438,11.83696,13.46911,15.10126,15.10126,14148000,1,1,30.0,43.80123517,-122.56088789,12,71.16177,4.049930000000003,0.7072770930000001,volcanic,2.4711,92.13745,1.452434,0.02338538,82.75604,0.0666446,12.83428,0.3324385,0.01326168,0.005043173,73.56911,volcanic,5,1.4258218712473296,17090001000082,4.196264485379265,37.440533922812364,5.234919,9.804539,28.32008,0.0,-999.0,0.0,-999.0,37.93118825,0.0,0.9908882503174293,12.29414,24.58584
75,2605.191,158.701,8.600351,13.92438,2.601781,2.076786,2.2584,70.51478,0.6502026147027224,4.170942,2.4908306497,4,408.9094964630233,81.9824585,0.3264981,1138.915,28.20367,3.511716,23.18982,3.511716,17.84968,14150000,3,3,165.0,43.9456815,-122.83729674,14,69.75157,5.128389999999996,0.811909672,volcanic,2.358582,90.5771,1.565678,0.0582107,81.73939,0.1848578,12.65117,0.5510843,0.01962236,0.004663765,75.55757,volcanic,5,1.3331581895181581,17090001000072,6.326971690215845,54.529104745423986,5.067225,9.813259,44.48118,0.0,-999.0,0.0,-999.0,38.053216649999996,0.2551834,1.0090219872554451,11.36922,25.63717
76,3491.435,158.6918,9.167841,14.54994,2.53757,2.751469,2.328871,70.98962,0.6336136860631804,4.032036,2.0652308832,5,349.25821044928523,80.8698653,1.4595661,1006.498,27.28193,11.533040000000002,27.53655,11.533040000000002,22.64105,14152000,4,4,165.0,43.99818166,-122.90591256,14,65.27656,5.825999999999993,0.7711557440000001,volcanic,2.076471,90.87701,1.220301,0.161753,80.30614,0.4019723,12.13887,1.716515,0.06392787,0.004743036,67.63131,sedimentary,5,1.3175222377726445,17090001007337,5.900477393533467,56.56119191261478,5.285137,9.927922,88.28984,0.0,-999.0,0.0,-999.0,38.43319280000001,0.7397133,1.129368583404818,8.487147,25.50183
77,274.9752,161.5956,11.09599,15.91511,0.5827411,5.026458,0.5300481,72.00217,0.6067219880192832,2.188274,1.540612,1,224.2020371291666,64.9226883,1.7183367999999999,570.0668,22.79696,0.5334886,0.5334886,0.5334886,0.5334886,14153500,1,1,0.0,43.72067785,-123.04979941,12,39.35934,8.723249999999993,1.358958753,sedimentary,0.7353213,89.35809,0.2703516,0.1053913,63.22268,1.594617,25.74396,4.107643,0.53383,0.1214291,100.0,sedimentary,4,1.4844912827628922,17090002000039,4.74943881174944,14.169703525541744,2.052794,10.11775,110.3663,0.0,-999.0,0.0,-999.0,37.69729039,0.09086779,1.5051320991856723,0.1980179,0.0
78,696.4029,160.319,9.984176,15.75983,1.274953,4.294133,0.9382387,72.05857,0.6478020123121255,1.948649,1.000283,1,231.9390111672424,80.86305829999999,0.6168412,795.2864,30.42616,3.001271,3.001271,3.001271,3.001271,14155500,1,1,0.0,43.79290124,-122.99146554,9,50.93811,3.3155900000000003,0.27798559700000003,sedimentary,1.491531,96.36885,0.0549251,0.2464522,79.65742,0.9591861,14.43664,2.722863,0.1298817,0.01369897,53.22336,sedimentary,5,1.350034061550962,17090002000096,2.8836489251907205,20.07294503715419,2.243388,10.01625,59.67662,0.0,-999.0,0.0,-999.0,39.3077549,0.0,1.4006073208483192,0.0,5.718543
79,539.5959,187.8439,7.815444,12.97167,2.083763,1.483308,1.438276,67.85899,0.7127215014050329,6.695225,1.437909,1,500.4244843224346,90.625650855,0.0,1223.128,30.99765,1.016402,1.016402,1.016402,1.016402,14159500,1,1,26.0,44.13595817,-122.24839098,15,70.39966,3.4751600000000025,0.42631904800000003,volcanic,2.902574,121.3683,0.4114746,0.001667915,90.61114,0.01284294,7.312305,0.3397543,0.02685343,0.02068214,100.0,volcanic,4,1.3612246276578635,17090004000162,6.072955648424158,22.622293631380185,7.034199,9.887697,28.06098,0.0,-999.0,0.0,-999.0,39.49363625,0.0,0.5748961398705957,53.93836,5.920097
80,227.6181,229.265,8.6159,15.05212,1.367652,2.643238,0.9080853,68.27856,0.5912139676062668,4.909497,1.437276,1,482.11016610717695,84.06897325,0.0,931.8419,36.9178,1.067777,1.067777,1.067777,1.067777,14162200,1,0,0.0,44.16234819,-122.33311921,17,60.68854,3.2793000000000063,0.01423437,sedimentary,2.350226,152.4555,0.9161398,0.02491015,83.91714,0.1269231,14.23042,0.2427751,0.0,0.0,51.85548,sedimentary,4,1.1985753576039733,17090004000319,8.26504224535747,30.25459270946844,8.305335,9.808284,27.18006,0.0,-999.0,0.0,-999.0,40.85426805,0.0,1.071348895364648,0.0,0.2542416
81,2402.694,209.4817,7.533849,13.2736,2.451787,1.330859,1.928365,66.99586,0.5611122348497145,6.183394,0.7700232,7,168.4591034064263,83.4781255,0.008914993,1171.612,26.24347,12.49158,33.07271,12.49158,26.837509999999998,14162500,4,5,150.8,44.12484874,-122.47062001,13,67.90082,2.5982699999999994,0.671808412,volcanic,3.127513,139.0497,4.426818,0.044987,83.11999,0.3131485,9.470681,1.172097,0.009739068,0.03959306,87.95419,sedimentary,5,2.0572351371932593,17090004000118,5.245991450702835,27.93932609042735,7.390082,10.04519,40.13475,0.0,-999.0,0.0,-999.0,40.320431649999996,0.0,0.711196681724764,38.87487,5.082145
82,8895.176,169.7281,9.312459,14.85523,2.450896,3.115298,2.319837,70.6111,0.6274914627883699,4.041775,1.202475209,24,208.07901440061445,74.8772867,3.787787,885.0579,24.90038,19.16173,59.90683,48.54012,67.89483,14166000,10,14,377.3,44.27040126,-123.17370363,19,59.20352,9.71754,2.4147658,volcanic,2.105898,101.4477,1.755395,0.2663017,73.4644,1.146585,12.64534,2.790117,0.5106274,0.08310798,54.39024,quarternary,7,1.3515101397605775,17090003000326,6.582515877482041,68.35154203991773,4.806202,10.16763,137.9294,0.6369765053218164,37.66366,0.03372614549728977,34.26628,39.2051057,5.225186,1.2391120760286252,13.93252,11.83015
83,660.5496,135.9584,11.47905,17.2695,0.3096142,5.366954,0.2606625,74.58219,0.5778209539450179,2.490769,3.668808261,6,227.08829283978068,45.45279,17.790463,213.4635,13.12135,0.4126975,12.965620000000001,0.4126975,0.4126975,14169000,1,0,0.0,44.12345657,-123.2998173,15,37.51003,42.45399,8.18700123,sedimentary,0.7061131,75.84746,2.226737,1.969905,33.95273,9.530155,13.23221,6.795887,3.174493,1.324352,77.35332,quarternary,5,3.0860297503914524,17090003000245,7.704240784281257,22.04538722176748,3.457205,12.02407,650.7635,1.436234179785443,8.275385,0.0,-999.0,39.55325,1.682328,1.9695235603806285,0.0,0.0
84,557.6805,218.8936,7.009957,12.00485,1.732089,0.6520098,1.692433,67.35007,0.7612923528794713,3.835665,0.7031445137,0,0.0,78.184276889,0.0,1259.496,23.94802,-999.0,0.0,0.0,-999.0,14178000,0,0,0.0,44.70678854,-122.10118594,7,71.93694,3.3300799999999953,0.8296685924,volcanic,6.087398,133.0262,2.522412,0.004680099,78.1683,0.01129679,10.25297,7.283364,0.0167838,0.006132544,97.33235,sedimentary,4,1.6808948056896154,17090005000094,2.086530953728573,0.8062242808656573,1.896047,10.04637,12.34794,0.0,-999.0,0.0,-999.0,54.9603953,0.0,0.9128497410255513,38.40247,18.58774
85,272.5416,205.35,7.411676,12.33357,1.652758,1.259061,1.450821,67.59762,0.8508612997061733,2.318406,0.3193274,0,0.0,85.40670687000001,0.0,1149.469,34.85846,-999.0,0.0,0.0,-999.0,14179000,0,0,0.0,44.75262179,-122.1289648,8,71.06128,3.164739999999995,0.55312654,volcanic,5.016541,138.0478,1.969791,0.01056719,85.32316,0.07297968,11.67477,0.1446385,0.01320899,0.0,69.29484,sedimentary,4,1.2936823225178553,17090005000142,1.2310566286221658,2.88133515084637,0.0,10.12545,7.880352,0.0,-999.0,0.0,-999.0,118.0027497,0.0,1.0714287286784843,22.51869,21.74663
86,66.6477,217.8516,8.595611,13.22068,1.046895,2.271394,0.8555826,68.9529,0.6206161652990275,2.848602,0.03240922,0,0.0,87.63047383000001,0.0,1027.919,26.51605,-999.0,0.0,0.0,-999.0,14180300,0,0,0.0,44.6529,-122.130908,10,64.0527,3.669179999999997,0.488839121,volcanic,2.824226,182.6911,0.009452689,0.01620461,87.58186,0.03240922,11.80236,0.06886959,0.0,0.0,99.47603,sedimentary,3,1.2779746092459114,17090005000084,0.0,0.0,0.106158,9.460539,19.84624,0.0,-999.0,0.0,-999.0,42.467812200000004,0.0,2.288331582895724,0.0,0.274128
87,1170.957,218.8145,7.653434,12.54412,1.715665,1.39977,1.687192,68.05508,0.7469845604919736,3.025508,1.7066043012,2,485.3523143889998,80.73982436,0.0,1135.381,30.12888,1.236764,3.1849000000000003,1.236764,3.1849000000000003,14181500,2,2,118.0,44.75262194,-122.29841204,17,68.17364,4.066699999999997,0.8540708429999999,volcanic,4.821063,149.5677,2.058317,0.01760099,80.64544,0.07678337,11.45087,3.606974,0.01106787,0.002920689,69.24687,sedimentary,5,1.6343636593223763,17090005000070,5.4127008661843306,26.23210356823445,0.9475979,9.993938,11.56177,0.0,-999.0,0.0,-999.0,73.81507,0.0,1.2009732210491075,23.60847,16.32296
88,458.1774,214.0177,8.803032,14.60082,1.4761,2.978755,1.106305,69.08873,0.6882240372397243,2.607026,0.0276967,0,0.0,83.1523473,0.08171507,889.5012,30.59348,-999.0,0.0,0.0,-999.0,14185000,0,1,4.1,44.39179225,-122.49758167,9,53.68856,2.581630000000004,0.761560935,sedimentary,2.174431,140.0791,0.06757208,0.1485014,82.3185,0.6853459,14.25948,1.653748,0.0,0.0,74.52841,sedimentary,4,1.3489337709830362,17090006000085,0.11820294188254984,0.0,1.81692,9.874619,27.87192,0.0,-999.0,0.0,-999.0,42.467699999999994,0.0,1.5742555176226503,4.882868,23.28605
89,258.1965,241.6325,8.994134,13.88514,1.155455,3.065938,0.8612069,69.17373,0.6771017422776838,2.00572,0.003485717,0,0.0,82.164630093,0.0,918.7104,37.80117,-999.0,0.0,0.0,-999.0,14185900,0,0,0.0,44.54012357,-122.43591548,9,54.61423,3.2724699999999984,0.805549265,sedimentary,2.381793,184.1216,0.06727435,0.008714293,82.05239,0.1035258,16.57668,0.3830803,0.0,0.0,76.14349,sedimentary,4,1.3366311840335938,17090006000848,0.0,0.0,0.6465669,10.00719,11.77917,0.0,-999.0,0.0,-999.0,42.467699999999994,0.0,1.6077441018758967,0.6479948,55.44277
90,1444.943,216.769,9.179298,14.70389,1.499895,3.343226,1.203445,69.31694,0.6566323377461948,2.316125,1.33410828621,3,419.300536422544,76.33884230000001,0.16399956999999998,815.5933,30.63076,1.512083,5.1521930000000005,1.512083,6.690015000000001,14187200,2,3,104.1,44.41234682,-122.6886956,17,53.67132,3.6529000000000025,0.717786235,sedimentary,2.050494,141.606,0.3575851,0.1996273,75.00517,1.134045,18.42687,2.955729,0.006477765,0.0,72.6824,sedimentary,5,1.2736088521962545,17090006000052,5.707132289617908,13.660894454755294,1.345533,10.02626,35.18355,0.0,-999.0,0.0,-999.0,42.467699999999994,0.01297746,1.6787416527849197,3.9439,21.90375
91,2436.125,184.8541,8.232374,13.38733,1.99729,2.701021,1.767016,69.68968,0.7415046436451331,2.919443,0.4477234318,15,47.19019795782236,75.39892900000001,6.745739,830.2515,21.41705,6.740997,29.87313,19.846169999999997,42.062870000000004,14211010,6,6,179.42,45.379287,-122.577313,18,65.92062,14.611699999999999,3.3098804,volcanic,2.713177,121.5103,0.1373575,0.400546,73.37152,1.626863,11.40695,2.083416,0.3255499,0.06247218,90.7796,volcanic,5,1.4827135469088533,17090011000040,4.103279011602094,34.8069978466875,0.5908193,10.52474,132.7934,0.5887827599454827,53.835370000000005,0.0,-999.0,70.3436159979,1.5686280000000001,1.4398238189259194,6.671593,17.17039
92,68.4882,148.9398,11.59749,16.45266,0.3271133,5.633989,0.3191425,69.84359,0.7568337319421448,3.909087,0.32195322,1,0.5400930379247811,23.28051,28.61705,160.5515,7.689132,3.751049,3.751049,0.0,-999.0,14211500,0,0,0.0,45.4776202,-122.50786858,17,47.7091,83.30413,42.717278,volcanic,1.209827,73.9158,0.0,3.025047,9.201293,11.05417,1.772714,2.114379,1.157718,0.3206392,100.0,volcanic,3,1.2721514658832225,17090012000097,0.0,0.0,1.558985,11.66529,663.1056,0.0,-999.0,0.0,-999.0,160.3805938,3.0418250000000002,4.753656834315984,0.0,0.0
93,137.3274,134.2942,11.72683,16.70815,0.3823763,5.967389,0.4730436,69.71995,0.5465721334562512,3.670575,0.28114743,2,0.43097007589162833,15.307788,14.909332000000001,119.8521,5.538866,7.327759,10.99981,0.0,-999.0,14211550,0,0,0.0,45.452897,-122.64315,19,46.65999,89.50845,66.63979699999999,volcanic,1.932984,65.73585,0.007864263,1.805504,6.746882,6.755402,1.002038,1.215684,0.667807,0.2025048,100.0,volcanic,3,1.3364281809259473,17090012000095,0.0,0.0,0.8374632,12.67161,617.8938,0.0,-999.0,0.0,-999.0,181.4680273887,0.3636364,8.022668025922957,0.0,0.0
94,28936.87,163.8853,9.898497,15.39557,2.14778,4.085036,1.956101,71.58305,0.7125829434904327,2.902418,0.77961258,257,118.92621143890132,54.0704983,20.442219,558.2355,17.99624,5.382391999999999,72.20792999999999,5.627403,98.89084,14211720,33,42,981.152,45.51845163,-122.66787353,24,53.79314,33.91145,7.2410985000000005,volcanic,1.875084,102.5659,0.8118686,0.8555703,49.4067,3.808228,10.92881,3.897671,1.53147,0.2686821,51.6502,volcanic,9,1.7264951002148838,17090012000085,5.19145564095302,85.70151865008235,1.898386,11.29861,831.1607,1.4282727576052672,98.21366,0.10712976213391429,70.36281,61.5545466,6.745769999999999,1.8109926885665244,6.700994,7.278795
95,985.7133,144.7505,5.708974,13.38549,2.04385,0.4036695,1.427268,68.94733,0.738742390916304,3.568574,0.03104351,2,0.9494109494109495,87.726031755,0.0053869622,1425.416,15.65528,3.279065,6.427021,3.279065,6.427021,14330000,2,1,32.0,42.73040519,-122.51642477,13,75.42341,2.1926500000000004,0.6749224,volcanic,5.057498,77.14681,1.029001,0.005569571,87.71051,0.009952184,9.94908,0.5945745,0.001278262,0.01360436,91.12575,volcanic,5,1.6709159807192506,17100307000311,0.15257855043517596,1.2717165256924305,0.1191578,10.4845,37.97406,0.9225749607038399,2.770877,0.0,-999.0,54.6429095,0.006344775,1.1579310130034768,30.31517,15.59462
96,3154.809,122.07,7.661912,14.75854,2.465192,1.688915,1.750586,68.15886,0.6839085979531566,2.44815,0.5399757394,9,201.35776809309215,77.4645142,0.6282981000000001,1185.512,17.73781,3.334435,27.726869999999998,12.615219999999999,27.9052,14339000,6,7,95.875,42.52484711,-122.84282026,18,71.76662,3.2705200000000048,0.7496271320000001,volcanic,2.652383,67.45604,0.9684359,0.1330255,76.89738,0.4341087,17.98115,1.69176,0.02182383,0.02484778,79.9427,volcanic,6,1.559357535036971,17100307000138,1.7505303343852734,15.479319646826578,0.7255361,10.2973,117.0272,4.427365393323417,19.834619999999997,0.0,-999.0,63.45825020000001,2.445028,1.213901063424125,18.19602,14.90205
97,6362.33,99.08439,8.928386,15.8471,2.582752,2.54262,1.83788,68.81097,0.7026092642160969,1.531777,0.475255178,51,114.23844330614729,61.6154907,6.360514,1005.657,18.93729,7.261645000000001,48.138419999999996,28.98971,59.12663,14361500,18,10,115.425,42.43039607,-123.31783647,24,67.0978,14.526079999999993,4.1582173000000004,volcanic,2.171836,54.48957,0.6984329,0.2943167,59.53049,1.790684,22.50008,3.847478,0.3367823,0.09421077,68.79913,granitic,7,1.5891234596195547,17100308000014,2.791179518199503,39.423379337773476,1.083527,10.48039,174.991,11.38436215391058,44.41573,0.03143502459004799,44.483309999999996,65.53878900000001,2.609988,1.5146410198779379,9.621763,13.06678
98,10196.52,105.0198,9.381645,16.26611,2.523255,3.242782,1.812805,68.83826,0.7041268981966397,1.409253,0.361438119,58,82.30060844288052,65.127077,4.751222,927.8098,23.75066,53.19714,104.4677,87.5677,117.2819,14372300,19,11,115.425,42.58038667,-124.05953333,21,60.76893,15.335620000000006,4.5281659,volcanic,2.03195,68.19872,0.4935273,0.26018,62.68291,2.183987,20.10918,4.053351,0.4940745,0.1251339,56.76249,sedimentary,7,1.686477178020888,17100310000048,2.8507611240891606,64.770021457952,0.9412956,10.41409,130.9568,9.662945683657851,98.44456,0.02942180273269704,91.40008,53.782351899999995,0.45979139999999996,1.5383140522452758,8.399708,9.645954
